<?xml version='1.0' encoding='UTF-8'?>
<?compositeMetadataRepository version='1.0.0'?>
<repository name='"Maven for Scala"' type="org.eclipse.equinox.internal.p2.metadata.repository.CompositeMetadataRepository" version="1.0.0">
  <properties size="2">
    <property name="p2.compressed" value="true"/>
    <!-- get new time w/ `date +%s000` -->
    <property name="p2.timestamp" value="1333273554000"/>
  </properties>
  <children size="2">
    <child location="m2eclipse-scala"/>
    <child location="http://download.eclipse.org/technology/m2e/releases"/>
  </children>
</repository>
